7th Realm,,
Adventure,https://anonfiles.com/D917cbn7p4/OSRSBeatz_-_Adventure_mp3,OSRSBeatz
Al Kharid,https://anonfiles.com/bd36c4nepa/OSRSBeatz_-_Al_Kharid_REVAMPED_mp3,OSRSBeatz
Alchemical Attack!,,
All's Fairy in Love & War,,
Alone,https://anonfiles.com/J27bc9n9pb/OSRSBeatz_-_Alone_mp3,OSRSBeatz
Altar Ego,https://anonfiles.com/X696cen9pa/OSRSBeatz_-_Altar_Ego_mp3,OSRSBeatz
Alternative Root,,
Ambient Jungle,,
Anywhere,,
Arabian,https://anonfiles.com/t1D7c2n3pf/OSRSBeatz_-_Arabian_mp3,OSRSBeatz
Arabian 2,https://anonfiles.com/h7F2canepe/OSRSBeatz_-_Arabian2_mp3,OSRSBeatz
Arabian 3,,
Arabique,,
Arachnids of Vampyrium,,
Arboretum,,
Arcane,https://anonfiles.com/baF8c4n5p9/OSRSBeatz_-_Arcane_mp3,OSRSBeatz
Architects of Prifddinas,,
Armadyl Alliance,,
Armageddon,,
Army of Darkness,,
Arrival,https://anonfiles.com/F4E5c5n9pf/OSRSBeatz_-_Arrival_mp3,OSRSBeatz
Artistry,https://anonfiles.com/l6F9c7n3pb/OSRSBeatz_-_Artistry_mp3,OSRSBeatz
Ascent,,
Assault and Battery,,
Attack 1,,
Attack 2,https://anonfiles.com/X1E6c8n1p9/OSRSBeatz_-_Attack_2_mp3,OSRSBeatz
Attack 3,,
Attack 4,,
Attack 5,,
Attack 6,,
Attention,https://anonfiles.com/ZbOcc9n5pd/OSRSBeatz_-_Attention_mp3,OSRSBeatz
Autumn Voyage,https://anonfiles.com/59O5cbn3p5/OSRSBeatz_-_Autumn_Voyage_FIXED_mp3,OSRSBeatz
Aye Car Rum Ba,,
Aztec,,
Back to Life,https://anonfiles.com/rbPacfnep8/OSRSBeatz_-_Back_to_Life_mp3,OSRSBeatz
Background,https://anonfiles.com/j1P5c6n7pd/OSRSBeatz_-_Background_mp3,OSRSBeatz
Bait,,
Ballad of Enchantment,,
Ballad of the Basilisk,,
Bandit Camp,,
Bandos Battalion,,
Bane,,
The Bane of Ashihama,,
Barb Wire,,
Barbarianism,https://anonfiles.com/vcPac4ndpc/OSRSBeatz_-_Barbarianism_Trap_Remix_mp3,OSRSBeatz
Barking Mad,,
Baroque,https://anonfiles.com/P1Wec2n2p3/OSRSBeatz_-_Baroque_mp3,OSRSBeatz
Barren Land,,
Beetle Juice,,
Beneath the Stronghold,,
Beyond,https://anonfiles.com/deXcc2n5pe/OSRSBeatz_-_Beyond_mp3,OSRSBeatz
Big Chords,https://anonfiles.com/VfW6c3ndpb/OSRSBeatz_-_Big_Chords_mp3,OSRSBeatz
Blistering Barnacles,,
Bloodbath,,
Body Parts,,
Bone Dance,,
Bone Dry,,
Book of Spells,https://anonfiles.com/v8Xec7n3pc/OSRSBeatz_-_Book_of_Spells_mp3,OSRSBeatz
Borderland,,
Box of Delights,,
Breeze,https://anonfiles.com/leX5cdn3p7/OSRSBeatz_-_Breeze_mp3,OSRSBeatz
Brew Hoo Hoo!,,
Brimstail's Scales,,
Bubble and Squeak,,
Bunny's Sugar Rush,,
Burning Desire,,
Cabin Fever,,
Camelot,https://anonfiles.com/x3g0ddn3pf/OSRSBeatz_-_Camelot_mp3,OSRSBeatz
Castle Wars,https://anonfiles.com/bdh8d7n1p4/OSRSBeatz_-_Castlewars_mp3,OSRSBeatz
Catch Me If You Can,,
Cave Background,,
Cave of Beasts,,
Cave of the Goblins,,
Cavern,,
The Cellar Dwellers,,
Cellar Song,https://anonfiles.com/peg2d8n3p6/OSRSBeatz_-_Cellar_Song_mp3,OSRSBeatz
Chain of Command,,
Chamber,,
Chef Surprise,,
Chickened Out,,
Chompy Hunt,,
The Chosen,,
City of the Dead,,
Clan Wars,https://anonfiles.com/F3h9d9ncp5/OSRSBeatz_-_Clan_Wars_mp3,OSRSBeatz
Claustrophobia,,
Close Quarters,,
Coil,https://anonfiles.com/xah0dbnfpe/OSRSBeatz_-_Coil_mp3,OSRSBeatz
Competition,,
Complication,,
Conspiracy,,
Contest,,
Corporal Punishment,https://anonfiles.com/L9hed4n1p8/OSRSBeatz_-_Corporal_Punishment_mp3,OSRSBeatz
Corridors of Power,,
Country Jig,,
Courage,,
Creature Cruelty,,
Creeping Vines,,
Crystal Castle,,
Crystal Cave,,
Crystal Sword,https://anonfiles.com/16k2d7n3pc/OSRSBeatz_-_Crystal_Sword_2.0_mp3,OSRSBeatz
Cursed,,
The Curtain Closes,,
Dagannoth Dawn,,
Dance of Death,,
Dance of the Meilyr,,
Dance of the Nylocas,,
Dance of the Undead,,
Dangerous,https://anonfiles.com/t3k8d7nep2/OSRSBeatz_-_Dangerous_mp3,OSRSBeatz
Dangerous Road,,
Dangerous Way,,
Dark,https://anonfiles.com/z2k8dencp6/OSRSBeatz_-_Dark_mp3,OSRSBeatz
The Dark Beast Sotetseg,,
Darkly Altared,,
Darkmeyer,,
Darkness in the Depths,,
Davy Jones' Locker,,
Dead Can Dance,,
Dead Quiet,,
Deadlands,https://anonfiles.com/Z4k2dfn1p8/OSRSBeatz_-_Deadlands_mp3,OSRSBeatz
Deep Down,,
Deep Wildy,,
The Depths,,
Desert Heat,,
Desert Voyage,,
The Desert,,
The Desolate Isle,,
The Desolate Mage,,
Devils May Care,,
Diango's Little Helpers,,
Dies Irae,,
Dimension X,,
Distant Land,,
Distillery Hilarity,,
Dogs of War,https://anonfiles.com/V4k3dan3pc/OSRSBeatz_-_Dogs_of_War_mp3,OSRSBeatz
Domain of the Vampyres,,
The Doors of Dinh,,
Doorways,https://anonfiles.com/ddl6d3nbp5/OSRSBeatz_-_Doorways_mp3,OSRSBeatz
Dorgeshuun City,,
Dorgeshuun Deep,,
Down and Out,,
Down Below,https://anonfiles.com/z4n4dcn7p1/OSRSBeatz_-_Down_Below_mp3,OSRSBeatz
Down by the Docks,,
Down to Earth,,
The Dragon Slayer,,
Dragontooth Island,,
Dream,https://anonfiles.com/ren7d3ndpe/OSRSBeatz_-_Dream_mp3,OSRSBeatz
Dreamstate,,
Duel Arena,https://anonfiles.com/55nfd4nap9/OSRSBeatz_-_Duel_Arena_mp3,OSRSBeatz
Dunjun,,
Dwarf Theme,https://anonfiles.com/R8m5dfndp3/OSRSBeatz_-_Dwarf_Theme_mp3,OSRSBeatz
Dwarven Domain,https://anonfiles.com/xbncden7p5/OSRSBeatz_-_Dwarven_Domain_mp3,OSRSBeatz
Dynasty,,
Eagles' Peak,,
Easter Jig,https://anonfiles.com/1brbddn1pb/OSRSBeatz_-_Easter_Jig_mp3,OSRSBeatz
Egypt,https://anonfiles.com/l1r1d7n0p6/OSRSBeatz_-_Egypt_mp3,OSRSBeatz
Elven Guardians,,
Elven Mist,,
Elven Seed,,
Emotion,,
Emperor,https://anonfiles.com/3fr0dcn9p0/OSRSBeatz_-_Emperor_mp3,OSRSBeatz
The Enchanter,,
The Enclave,,
Escape,,
Espionage,,
Etceteria,,
Eve's Epinette,,
Everlasting,,
Everlasting Fire,,
The Everlasting Slumber,,
Everywhere,,
Evil Bob's Island,https://anonfiles.com/t3r8dfn5p5/OSRSBeatz_-_Evil_Bobs_Island_mp3,OSRSBeatz
Expanse,https://anonfiles.com/Zeq8d4n8p1/OSRSBeatz_-_Expanse_mp3,OSRSBeatz
Expecting,,
Expedition,,
Exposed,,
Faerie,https://anonfiles.com/n4w2denbp6/OSRSBeatz_-_Faerie_mp3,OSRSBeatz
Faith of the Hefin,,
Faithless,https://anonfiles.com/z1w0d1nbp5/OSRSBeatz_-_Faithless_mp3,OSRSBeatz
Fanfare,https://anonfiles.com/bdw7dcn0p7/OSRSBeatz_-_Fanfare_mp3,OSRSBeatz
Fanfare 2,,
Fanfare 3,,
Fangs for the Memory,,
Far Away,,
The Far Side,,
A Farmer's Grind,,
The Fat Lady Sings,,
Fe Fi Fo Fum,,
Fear and Loathing,,
Fenkenstrain's Refrain,,
Fight of the Basilisk,,
Fight or Flight,,
Find My Way,,
Fire and Brimstone,,
Fire in the Deep,,
The Fires of Lletya,,
Fishing,https://anonfiles.com/vfw1d5n6pd/OSRSBeatz_-_Fishing_mp3,OSRSBeatz
Floating Free,,
Flute Salad,https://anonfiles.com/X4v9ddn4pf/OSRSBeatz_-_Flute_Salad_REVAMPED_mp3,OSRSBeatz
Food for Thought,,
Forbidden,,
Forest,,
Forever,https://anonfiles.com/H2w6d2n4pc/OSRSBeatz_-_Forever_mp3,OSRSBeatz
Forgettable Melody,,
Forgotten,,
A Forgotten Religion,https://anonfiles.com/rd03c4ndp3/OSRSBeatz_-_A_Forgotten_Religion_mp3,OSRSBeatz
The Forlorn Homestead,https://anonfiles.com/NeBbf9nap9/OSRSBeatz_-_The_Forlorn_Homestead_mp3,OSRSBeatz
The Forsaken Tower,,
The Forsaken,,
Fossilised,,
The Fragment,,
Frogland,https://anonfiles.com/Z8Y5ddn0pc/OSRSBeatz_-_Frogland_mp3,OSRSBeatz
Frostbite,https://anonfiles.com/F9Z7d3nfpb/OSRSBeatz_-_Frostbite_mp3,OSRSBeatz
Fruits de Mer,,
Ful to the Brim,,
Funny Bunnies,https://anonfiles.com/3dZ8dbnbp3/OSRSBeatz_-_Funny_Bunnies_mp3,OSRSBeatz
The Galleon,,
Gaol,,
Garden,https://anonfiles.com/T8Y3d6n2p6/OSRSBeatz_-_Garden_mp3,OSRSBeatz
Garden of Autumn,,
Garden of Spring,,
Garden of Summer,,
Garden of Winter,,
The Gauntlet,,
The Genie,,
Getting Down to Business,,
Gill Bill,,
Gnome King,,
Gnome Village,https://anonfiles.com/DcYbd7n5pd/OSRSBeatz_-_Gnome_Village_mp3,OSRSBeatz
Gnome Village 2,,
Gnome Village Party,,
Gnomeball,,
Goblin Game,,
Goblin Village,https://anonfiles.com/z3Zfdbn2pb/OSRSBeatz_-_Goblin_Village_mp3,OSRSBeatz
Golden Touch,,
The Golem,,
Greatness,https://anonfiles.com/jdlbe1n4p9/OSRSBeatz_-_Greatness_mp3,OSRSBeatz
Grimly Fiendish,,
Grip of the Talon,,
Grotto,,
Grow Grow Grow,,
Grumpy,,
H.A.M. and Seek,,
H.A.M. Attack,,
H.A.M. Fisted,,
Harmony,https://anonfiles.com/N0kee0n3p7/OSRSBeatz_-_Harmony_FIXED_mp3,OSRSBeatz
Harmony 2,https://anonfiles.com/tflbefn4p5/OSRSBeatz_-_Harmony_2_mp3,OSRSBeatz
Haunted Mine,,
Have a Blast,,
Have an Ice Day,,
Head to Head,,
Heart and Mind,,
Hells Bells,https://anonfiles.com/f4lcebnbp4/OSRSBeatz_-_Hells_Bells_mp3,OSRSBeatz
Hermit,,
High Seas,https://anonfiles.com/z5lfe3n2p8/OSRSBeatz_-_High_Seas_mp3,OSRSBeatz
High Spirits,https://anonfiles.com/DdK6a8n2pd/OSRSBeatz_-_High_Spirits_mp3,OSRSBeatz
Hoe Down,,
Home Sweet Home,https://anonfiles.com/Nco3e9n6p4/OSRSBeatz_-_Home_Sweet_Home_mp3,OSRSBeatz
Horizon,,
Hypnotized,,
Iban,https://anonfiles.com/zfode5nap1/OSRSBeatz_-_Iban_mp3,OSRSBeatz
Ice and Fire,https://anonfiles.com/x4o6e5n6p7/OSRSBeatz_-_Ice_and_Fire_mp3,OSRSBeatz
Ice Melody,https://anonfiles.com/Lan9e4n7pa/OSRSBeatz_-_Ice_Melody_mp3,OSRSBeatz
Illusive,,
Impetuous,,
In Between,,
In the Brine,,
In the Clink,,
In the Manor,,
In the Pits,https://anonfiles.com/92o4ecn0p8/OSRSBeatz_-_In_the_Pits_mp3,OSRSBeatz
Inadequacy,,
Incantation,,
Inferno,https://anonfiles.com/5cx5e2n4p5/OSRSBeatz_-_Inferno_mp3,OSRSBeatz
Insect Queen,,
Inspiration,https://anonfiles.com/D1x2e3n7p3/OSRSBeatz_-_Inspiration_mp3,OSRSBeatz
Into the Abyss,,
Intrepid,,
Invader,,
Iorwerth's Lament,,
Island Life,,
Island of the Trolls,,
Isle of Everywhere,,
It's not over 'til...,,
Jaws of the Basilisk,,
Jester Minute,,
Jolly R,,
Joy of the Hunt,,
Jungle Bells,https://anonfiles.com/X5wce1n0pe/OSRSBeatz_-_Jungle_Bells_FIXED_mp3,OSRSBeatz
Jungle Hunt,,
Jungle Island,,
Jungle Island Xmas,,
Jungle Troubles,,
Jungly 1,,
Jungly 2,,
Jungly 3,,
Kanon of Kahlith,,
Karamja Jam,,
Kingdom,,
Knightly,,
Knightmare,,
Kourend the Magnificent,,
La Mort,,
Labyrinth,,
Lagoon,,
Lair,,
Lair of the Basilisk,,
Lament,,
Lament for the Hallowed,,
Lament of Meiyerditch,,
Land Down Under,,
Land of Snow,https://anonfiles.com/v3w6e2n7pc/OSRSBeatz_-_Land_of_Snow_mp3,OSRSBeatz
Land of the Dwarves,,
Landlubber,,
Last King of the Yarasa,,
Last Man Standing,,
The Last Shanty,,
Last Stand,,
Lasting,,
Lava is Mine,,
Legend,,
Legion,https://anonfiles.com/f3xfe3nbp4/OSRSBeatz_-_Legion_mp3,OSRSBeatz
Life's a Beach!,,
Lighthouse,,
Lightness,https://anonfiles.com/h5yfe4ncp0/OSRSBeatz_-_Lightness_mp3,OSRSBeatz
Lightwalk,https://anonfiles.com/bcy5e3nap1/OSRSBeatz_-_Lightwalk_mp3,OSRSBeatz
Little Cave of Horrors,,
Lonesome,,
Long Ago,,
Long Way Home,https://anonfiles.com/V4Hee0n1pb/OSRSBeatz_-_Long_Way_Home_mp3,OSRSBeatz
Looking Back,,
Lore and Order,,
The Lost Melody,,
Lost Soul,,
The Lost Tribe,,
Lower Depths,,
Lucid Dream,,
Lucid Nightmare,,
Lullaby,https://anonfiles.com/T4Ice3n8p1/OSRSBeatz_-_Lullaby_mp3,OSRSBeatz
Lumbering,,
The Lunar Isle,,
Mad Eadgar,,
The Mad Mole,,
Mage Arena,,
Magic Dance,https://anonfiles.com/bcJ3eanep0/OSRSBeatz_-_Magic_Dance_mp3,OSRSBeatz
Magic Magic Magic,,
Magical Journey,,
The Maiden's Anger,,
The Maiden's Sorrow,,
Major Miner,,
Making Waves,,
Malady,,
March,,
March of the Shayzien,,
Marooned,,
Marzipan,,
Masquerade,,
Mastermindless,,
Mausoleum,https://anonfiles.com/dfJ7een6pc/OSRSBeatz_-_Mausoleum_mp3,OSRSBeatz
Maws Jaws & Claws,,
The Maze,,
Meddling Kids,,
Medieval,https://anonfiles.com/P8Ife3n3p0/OSRSBeatz_-_Medieval_mp3,OSRSBeatz
Mellow,https://anonfiles.com/77Jfecnapa/OSRSBeatz_-_Mellow_mp3,OSRSBeatz
Melodrama,https://anonfiles.com/BeJ4e5n1pc/OSRSBeatz_-_Melodrama_mp3,OSRSBeatz
Meridian,,
Method of Madness,,
Miles Away,https://anonfiles.com/dcRae1n9pf/OSRSBeatz_-_Miles_Away_mp3,OSRSBeatz
The Militia,,
Mind over Matter,,
Miracle Dance,https://anonfiles.com/zcR2e2nfp5/OSRSBeatz_-_Miracle_Dance_mp3,OSRSBeatz
Mirage,,
Miscellania,,
The Mollusc Menace,,
Monarch Waltz,,
Monkey Badness,https://anonfiles.com/D8Qfe3n9p8/OSRSBeatz_-_Monkey_Badness_mp3,OSRSBeatz
Monkey Business,,
Monkey Madness,,
Monkey Sadness,,
Monkey Trouble,,
Monster Melee,,
The Monsters Below,,
Moody,,
Mor Ul Rek,,
Morytania,https://anonfiles.com/veR6ebnep7/OSRSBeatz_-_Morytania_mp3,OSRSBeatz
Morytanian Mystery,,
Mother Ruckus,,
Mouse Trap,,
Mudskipper Melody,https://anonfiles.com/leRdedn6pc/OSRSBeatz_-_Mudskipper_Melody_mp3,OSRSBeatz
Museum Medley,,
Mutant Medley,,
My Arm's Journey,,
Mystics of Nature,,
Mythical,,
Narnode's Theme,,
Natural,,
The Navigator,https://anonfiles.com/FbBaf6nbpa/OSRSBeatz_-_The_Navigator_mp3,OSRSBeatz
Nether Realm,,
Neverland,,
Newbie Farming,,
Newbie Melody,https://anonfiles.com/V6Rcefnapd/OSRSBeatz_-_Newbie_Melody_REVAMPED_mp3,OSRSBeatz
Night of the Vampyre,,
Nightfall,https://anonfiles.com/dcSce6n7pf/OSRSBeatz_-_Nightfall_mp3,OSRSBeatz
The Nightmare Continues,,
No Pasaran,,
No Way Out,,
The Noble Rodent,,
Nomad,,
Norse Code,https://anonfiles.com/J5e1fbnfpb/OSRSBeatz_-_Norse_Code_mp3,OSRSBeatz
Nox Irae,,
Null and Void,,
Ogre the Top,,
On the Frontline,,
On the Shore,https://anonfiles.com/n5fefan9pc/OSRSBeatz_-_On_the_Shore_mp3,OSRSBeatz
On the Up,,
On the Wing,,
On Thin Ice,,
Oncoming Foe,,
Oriental,,
The Other Side,,
Out of the Deep,,
Over to Nardah,,
Overpass,,
Overture,https://anonfiles.com/Ldd1f4n2pc/OSRSBeatz_-_Overture_mp3,OSRSBeatz
Parade,https://anonfiles.com/Jed0f5n1pa/OSRSBeatz_-_Parade_mp3,OSRSBeatz
Path of Peril,,
Pathways,,
Pest Control,https://anonfiles.com/Vbe8f9n2pe/OSRSBeatz_-_Pest_Control_mp3,OSRSBeatz
Pharaoh's Tomb,,
Phasmatys,,
Pheasant Peasant,https://anonfiles.com/xaf5f4nbp0/OSRSBeatz_-_Pheasant_Peasant_mp3,OSRSBeatz
Pick & Shovel,https://anonfiles.com/p3fffcn6pa/OSRSBeatz_-_Pick_Shovel_mp3,OSRSBeatz
Pinball Wizard,https://anonfiles.com/97f5f2nep3/OSRSBeatz_-_Pinball_Wizard_mp3,OSRSBeatz
Pirates of Penance,,
Pirates of Peril,,
Poles Apart,,
The Power of Tears,,
Power of the Shadow Realm,,
Predator Xarpus,,
Preservation,,
Preserved,,
Prime Time,,
Principality,https://anonfiles.com/35k9fcnfp3/OSRSBeatz_-_Principality_mp3,OSRSBeatz
Quest,,
The Quizmaster,,
Rat a Tat Tat,,
Rat Hunt,,
Ready for Battle,,
Regal,,
Reggae,,
Reggae 2,,
Reign of the Basilisk,,
Relics,,
Rellekka,https://anonfiles.com/75kbf5nfpc/OSRSBeatz_-_Rellekka_mp3,OSRSBeatz
Rest in Peace,,
Revenants,,
Right on Track,,
Righteousness,,
Rising Damp,,
Riverside,,
Roc and Roll,,
The Rogues' Den,,
Roll the Bones,,
Romancing the Crone,,
Romper Chomper,,
Roots and Flutes,,
Royale,,
Rugged Terrain,,
Rune Essence,https://anonfiles.com/z9jefan8p7/OSRSBeatz_-_Rune_Essence_mp3,OSRSBeatz
Sad Meadow,https://anonfiles.com/pck5f9n0p2/OSRSBeatz_-_Sad_Meadow_mp3,OSRSBeatz
Safety in Numbers,,
Saga,,
Sarachnis,,
Sarcophagus,,
Sarim's Vermin,,
Scape Ape,,
Scape Cave,https://anonfiles.com/J6j7fbn8pb/OSRSBeatz_-_Scape_Cave_mp3,OSRSBeatz
Scape Crystal,,
Scape Five,,
Scape Ground,,
Scape Home,,
Scape Hunter,,
Scape Main,https://anonfiles.com/B50cb8n2p0/OSRSBeatz_-_Scape_Main_mp3,OSRSBeatz
Scape Original,,
Scape Sad,https://anonfiles.com/Jakdfdn6pf/OSRSBeatz_-_Scape_Sad_mp3,OSRSBeatz
Scape Santa,https://anonfiles.com/n2lbfcn0pa/OSRSBeatz_-_Scape_Santa_mp3,OSRSBeatz
Scape Scared,https://anonfiles.com/d7l9f8n9pc/OSRSBeatz_-_Scape_Scared_mp3,OSRSBeatz
Scape Soft,https://anonfiles.com/pfl7f7n5p9/OSRSBeatz_-_Scape_Soft_mp3,OSRSBeatz
Scape Wild,,
Scarab,,
School's Out,,
Scorpia Dances,,
Sea Minor Shanty,https://anonfiles.com/B4offbn2p0/OSRSBeatz_-_Sea_Minor_Shanty_mp3,OSRSBeatz
Sea Shanty,https://anonfiles.com/Hao0ffn3pd/OSRSBeatz_-_Sea_Shanty_mp3,OSRSBeatz
Sea Shanty 2,https://anonfiles.com/73oef7n0p1/OSRSBeatz_-_Sea_Shanty_2_mp3,OSRSBeatz
Sea Shanty Xmas,https://anonfiles.com/F8o9f5n7p4/OSRSBeatz_-_Sea_Shanty_XMAS_mp3,OSRSBeatz
The Seed of Crwys,,
Serenade,,
Serene,,
Servants of Strife,,
Settlement,,
The Shadow,,
Shadowland,,
Sharp End of the Crystal,,
Shine,https://anonfiles.com/TfjcQboep1/shine-osrsbeats_mp3,OSRSBeatz
Shining,https://anonfiles.com/91p4f5nep2/OSRSBeatz_-_Shining_mp3,OSRSBeatz
Shining Spirit,,
Shipwrecked,,
Showdown,,
Sigmund's Showdown,,
The Slayer,,
Slice of Silent Movie,,
Slice of Station,,
Slither and Thither,,
Slug a Bug Ball,,
Snowflake & My Arm,,
Sojourn,,
Song of the Elves,https://anonfiles.com/N6zcf0nbp0/OSRSBeatz_-_Song_of_the_Elves_mp3,OSRSBeatz
Soul Fall,,
Soundscape,https://anonfiles.com/ncx2fcn3pf/OSRSBeatz_-_Soundscape_mp3,OSRSBeatz
Sphinx,,
Spirit,https://anonfiles.com/R5v8fcn6p9/OSRSBeatz_-_Spirit_mp3,OSRSBeatz
Spirits of the Elid,,
Splendour,https://anonfiles.com/7fx5fan4pa/OSRSBeatz_-_Splendour_mp3,OSRSBeatz
Spooky,https://anonfiles.com/Dexdf5n5pc/OSRSBeatz_-_Spooky_mp3,OSRSBeatz
Spooky 2,,
Spooky Jungle,,
The Spurned Demon,,
Stagnant,,
Stand Up and Be Counted,,
Starlight,,
Start,https://anonfiles.com/b1zefcnbp0/OSRSBeatz_-_Start_mp3,OSRSBeatz
Still Night,https://anonfiles.com/v301f1n9p2/OSRSBeatz_-_Still_Night_mp3,OSRSBeatz
Stillness,,
Storm Brew,https://anonfiles.com/B009fan1pe/OSRSBeatz_-_Storm_Brew_mp3,OSRSBeatz
Stranded,https://anonfiles.com/1712f7n5pa/OSRSBeatz_-_Stranded_mp3,OSRSBeatz
Strange Place,,
Stratosphere,https://anonfiles.com/zf11fdnbp5/OSRSBeatz_-_Stratosphere_mp3,OSRSBeatz
Strength of Saradomin,,
Stuck in the Mire,,
Subterranea,,
Sunburn,,
Superstition,,
Suspicious,,
Tale of Keldagrim,,
Talking Forest,https://anonfiles.com/5cAeffnbp8/OSRSBeatz_-_Talking_Forest_mp3,OSRSBeatz
A Taste of Hope,,
Tears of Guthix,,
Technology,,
Tempest,,
Temple,,
Temple of Light,,
The Terrible Caverns,,
The Terrible Tower,https://anonfiles.com/t8B9f7nbpa/OSRSBeatz_-_Terrible_Tower_mp3,OSRSBeatz
The Terrible Tunnels,,
That Sullen Hall,,
Theme,,
A Thorn in My Side,,
Thrall of the Serpent,,
Throne of the Demon,,
Time Out,,
Time to Mine,,
Tiptoe,,
Title Fight,,
Tomb Raider,,
Tomorrow,https://anonfiles.com/bbC8fbn0pc/OSRSBeatz_-_Tomorrow_mp3,OSRSBeatz
Too Many Cooks...,,
The Tower of Voices,,
The Tower,,
The Trade Parade,https://anonfiles.com/fbC8fanap3/OSRSBeatz_-_The_Trade_Parade_mp3,OSRSBeatz
Trahaearn Toil,,
Trawler,,
Trawler Minor,,
Tree Spirits,,
Tremble,,
Tribal,,
Tribal 2,,
Tribal Background,,
Trinity,,
Troll Shuffle,,
Trouble Brewing,,
Troubled,,
Troubled Waters,,
Twilight,,
TzHaar!,,
Undead Dungeon,,
Undercurrent,,
Underground,,
Underground Pass,,
Understanding,,
Unknown Land,https://anonfiles.com/ZaD5f6n7pe/OSRSBeatz_-_Unknown_Land_mp3,OSRSBeatz
Untouchable,,
Upcoming,,
Upir Likhyi,,
Upper Depths,,
Vampyre Assault,,
Vanescula,,
Venture,,
Venture 2,,
Victory is Mine,,
Village,,
Vision,https://anonfiles.com/ndEef4n8p3/OSRSBeatz_-_Vision_mp3,OSRSBeatz
Volcanic Vikings,,
Voodoo Cult,,
Voyage,https://anonfiles.com/r1Effdnbp9/OSRSBeatz_-_Voyage_mp3,OSRSBeatz
Waking Dream,,
A Walk in the Woods,,
The Walking Dead,,
Wander,https://anonfiles.com/7dEbf2nepf/OSRSBeatz_-_Wander_mp3,OSRSBeatz
Warpath,,
Warrior,,
Warriors' Guild,https://anonfiles.com/zbE4fdn1pd/OSRSBeatz_-_Warriors_Guild_mp3,OSRSBeatz
Watch Your Step,,
Waterfall,https://anonfiles.com/X1E4fbn1pf/OSRSBeatz_-_Waterfall_mp3,OSRSBeatz
Waterlogged,,
Way of the Enchanter,,
Way of the Wyrm,,
Wayward,,
We are the Fairies,,
Welcome to my Nightmare,,
Welcome to the Theatre,,
Well Hallowed Air,,
Well of Voyage,,
Where Eagles Lair,,
Wild Side,,
Wilderness,https://anonfiles.com/T2Fbf7n5pd/OSRSBeatz_-_Wilderness_mp3,OSRSBeatz
Wilderness 2,https://anonfiles.com/76Fcf1ncpc/OSRSBeatz_-_Wilderness_2_mp3,OSRSBeatz
Wilderness 3,,
Wildwood,https://anonfiles.com/XeF8fbn1pc/OSRSBeatz_-_Wildwood_mp3,OSRSBeatz
Winter Funfair,,
Witching,,
Woe of the Wyvern,,
Wolf Mountain,,
Wonder,,
Wonderous,,
Woodland,,
Work Work Work,,
Workshop,https://anonfiles.com/zcGefan6pe/OSRSBeatz_-_Workshop_mp3,OSRSBeatz
Wrath and Ruin,,
Xenophobe,https://anonfiles.com/r2G0f7nfp9/OSRSBeatz_-_Xenophobe_mp3,OSRSBeatz
Yesteryear,https://anonfiles.com/L8G1fan4p9/OSRSBeatz_-_Yesteryear_mp3,OSRSBeatz
You Have My Attention,,
Zamorak Zoo,,
Zealot,,
Zogre Dance,,
Zombiism,,
